;K6.5;K8.5;K12.5;K6.15;KI8.15;K12.15
A;0.79;0.89;0.99;0.67;0.81;0.96
C;0.95;0.98;1.00;0.86;0.94;0.99
D;0.60;0.81;0.99;0.48;0.70;0.95
E;0.65;0.84;0.99;0.49;0.71;0.95
F;0.88;0.96;0.99;0.76;0.89;0.98
G;0.67;0.84;0.99;0.57;0.76;0.96
H;0.76;0.90;0.98;0.62;0.81;0.97
I;0.90;0.96;0.99;0.76;0.90;0.98
K;0.68;0.87;0.99;0.53;0.75;0.96
L;0.86;0.95;0.99;0.73;0.89;0.98
M;0.79;0.92;0.99;0.66;0.85;0.96
N;0.65;0.85;0.99;0.54;0.75;0.96
P;0.65;0.86;0.98;0.53;0.76;0.95
Q;0.70;0.87;0.99;0.55;0.75;0.96
R;0.75;0.90;0.99;0.59;0.79;0.96
S;0.68;0.84;0.98;0.55;0.74;0.95
T;0.77;0.90;0.99;0.62;0.79;0.97
V;0.90;0.96;0.99;0.77;0.89;0.98
W;0.89;0.96;1.00;0.74;0.90;0.98
Y;0.89;0.96;1.00;0.75;0.89;0.98
